[
  {
    "id": "0e3eca4dffe54bbab2790ff4f56c92fd",
    "actor": {
      "objectType": "Agent",
      "name": "00110160759",
      "account": {
        "name": "00110160759"
      }
    },
    "verb": {
      "id": "http://adlnet.gov/expapi/verbs/launched",
      "display": {
        "zh_CN": "进入"
      }
    },
    "object": {
      "id": "http://lcell.bnu.edu.cn/psaa_exp/view/task/step/3306.htm",
      "definition": {
        "name": {
          "zh_CN": "蚜虫颜色趋性"
        },
        "description": {
          "zh_CN": "蚜虫颜色趋性"
        },
        "type": "http://adlnet.gov/expapi/activities/question"
      }
    },
    "context": {
      "contextActivities": {
        "other": [
          {
            "id": "http://lcell.bnu.edu.cn/psaa_exp/view/task/2001.htm"
          },
          {
            "id": "http://lcell.bnu.edu.cn/psaa_exp/view/task/session/12417.htm"
          },
          {
            "id": "http://lcell.bnu.edu.cn/psaa_exp/view/task/process/2704.htm"
          },
          {
            "id": "http://lcell.bnu.edu.cn/psaa_exp/view/task/process/session/26121.htm"
          },
          {
            "id": "http://lcell.bnu.edu.cn/psaa_exp/view/task/step/3306.htm"
          },
          {
            "id": "http://lcell.bnu.edu.cn/psaa_exp/view/task/step/session/42541.htm"
          }
        ]
      }
    },
    "timestamp": "2018-09-06T13:55:40+08:00",
    "stored": "2018-09-06T06:01:56Z",
    "version": "1.0.1"
  },
  {
    "id": "1750fcb1edd245b4bd5172e8c6e68d37",
    "actor": {
      "objectType": "Agent",
      "name": "00110160759",
      "account": {
        "name": "00110160759"
      }
    },
    "verb": {
      "id": "http://adlnet.gov/expapi/verbs/click,2",
      "display": {
        "zh_CN": "xapi.verb.click,2"
      }
    },
    "object": {
      "id": "http://lcell.bnu.edu.cn/psaa_exp/view/task/step/3306.htm#F5",
      "definition": {
        "name": {
          "zh_CN": "蚜虫颜色趋性"
        },
        "description": {
          "zh_CN": "蚜虫颜色趋性"
        },
        "type": "http://psaa.net/xapi/acitivitytype/question"
      }
    },
    "context": {
      "contextActivities": {
        "other": [
          {
            "id": "http://lcell.bnu.edu.cn/psaa_exp/view/task/2001.htm"
          },
          {
            "id": "http://lcell.bnu.edu.cn/psaa_exp/view/task/session/12417.htm"
          },
          {
            "id": "http://lcell.bnu.edu.cn/psaa_exp/view/task/process/2704.htm"
          },
          {
            "id": "http://lcell.bnu.edu.cn/psaa_exp/view/task/process/session/26121.htm"
          },
          {
            "id": "http://lcell.bnu.edu.cn/psaa_exp/view/task/step/3306.htm"
          },
          {
            "id": "http://lcell.bnu.edu.cn/psaa_exp/view/task/step/session/42541.htm"
          }
        ]
      }
    },
    "timestamp": "2018-09-06T13:55:40+08:00",
    "stored": "2018-09-06T06:01:56Z",
    "version": "1.0.1"
  },
  {
    "id": "e7099242432d4d16af7767a61ce62ad0",
    "actor": {
      "objectType": "Agent",
      "name": "00110160759",
      "account": {
        "name": "00110160759"
      }
    },
    "verb": {
      "id": "http://adlnet.gov/expapi/verbs/click",
      "display": {
        "zh_CN": "xapi.verb.click"
      }
    },
    "object": {
      "id": "http://lcell.bnu.edu.cn/psaa_exp/view/task/step/3306.htm#确定",
      "definition": {
        "name": {
          "zh_CN": "蚜虫颜色趋性"
        },
        "description": {
          "zh_CN": "蚜虫颜色趋性"
        },
        "type": "http://psaa.net/xapi/acitivitytype/question"
      }
    },
    "context": {
      "contextActivities": {
        "other": [
          {
            "id": "http://lcell.bnu.edu.cn/psaa_exp/view/task/2001.htm"
          },
          {
            "id": "http://lcell.bnu.edu.cn/psaa_exp/view/task/session/12417.htm"
          },
          {
            "id": "http://lcell.bnu.edu.cn/psaa_exp/view/task/process/2704.htm"
          },
          {
            "id": "http://lcell.bnu.edu.cn/psaa_exp/view/task/process/session/26121.htm"
          },
          {
            "id": "http://lcell.bnu.edu.cn/psaa_exp/view/task/step/3306.htm"
          },
          {
            "id": "http://lcell.bnu.edu.cn/psaa_exp/view/task/step/session/42541.htm"
          }
        ]
      }
    },
    "timestamp": "2018-09-06T13:55:41+08:00",
    "stored": "2018-09-06T06:01:56Z",
    "version": "1.0.1"
  },
  {
    "id": "47b6b3a27b7f418395c6a7fbee479f52",
    "actor": {
      "objectType": "Agent",
      "name": "00110160759",
      "account": {
        "name": "00110160759"
      }
    },
    "verb": {
      "id": "http://adlnet.gov/expapi/verbs/click",
      "display": {
        "zh_CN": "xapi.verb.click"
      }
    },
    "object": {
      "id": "http://lcell.bnu.edu.cn/psaa_exp/view/task/step/3306.htm#know",
      "definition": {
        "name": {
          "zh_CN": "蚜虫颜色趋性"
        },
        "description": {
          "zh_CN": "蚜虫颜色趋性"
        },
        "type": "http://psaa.net/xapi/acitivitytype/question"
      }
    },
    "context": {
      "contextActivities": {
        "other": [
          {
            "id": "http://lcell.bnu.edu.cn/psaa_exp/view/task/2001.htm"
          },
          {
            "id": "http://lcell.bnu.edu.cn/psaa_exp/view/task/session/12417.htm"
          },
          {
            "id": "http://lcell.bnu.edu.cn/psaa_exp/view/task/process/2704.htm"
          },
          {
            "id": "http://lcell.bnu.edu.cn/psaa_exp/view/task/process/session/26121.htm"
          },
          {
            "id": "http://lcell.bnu.edu.cn/psaa_exp/view/task/step/3306.htm"
          },
          {
            "id": "http://lcell.bnu.edu.cn/psaa_exp/view/task/step/session/42541.htm"
          }
        ]
      }
    },
    "timestamp": "2018-09-06T13:55:44+08:00",
    "stored": "2018-09-06T06:01:58Z",
    "version": "1.0.1"
  },
  {
    "id": "17c2f2b55d35458fafa1d52cc0221106",
    "actor": {
      "objectType": "Agent",
      "name": "00110160759",
      "account": {
        "name": "00110160759"
      }
    },
    "verb": {
      "id": "http://adlnet.gov/expapi/verbs/click",
      "display": {
        "zh_CN": "xapi.verb.click"
      }
    },
    "object": {
      "id": "http://lcell.bnu.edu.cn/psaa_exp/view/task/step/3306.htm#know2",
      "definition": {
        "name": {
          "zh_CN": "蚜虫颜色趋性"
        },
        "description": {
          "zh_CN": "蚜虫颜色趋性"
        },
        "type": "http://psaa.net/xapi/acitivitytype/question"
      }
    },
    "context": {
      "contextActivities": {
        "other": [
          {
            "id": "http://lcell.bnu.edu.cn/psaa_exp/view/task/2001.htm"
          },
          {
            "id": "http://lcell.bnu.edu.cn/psaa_exp/view/task/session/12417.htm"
          },
          {
            "id": "http://lcell.bnu.edu.cn/psaa_exp/view/task/process/2704.htm"
          },
          {
            "id": "http://lcell.bnu.edu.cn/psaa_exp/view/task/process/session/26121.htm"
          },
          {
            "id": "http://lcell.bnu.edu.cn/psaa_exp/view/task/step/3306.htm"
          },
          {
            "id": "http://lcell.bnu.edu.cn/psaa_exp/view/task/step/session/42541.htm"
          }
        ]
      }
    },
    "timestamp": "2018-09-06T13:55:48+08:00",
    "stored": "2018-09-06T06:02:03Z",
    "version": "1.0.1"
  },
  {
    "id": "600a25d073de4d3ba954df833ae61cea",
    "actor": {
      "objectType": "Agent",
      "name": "00110160759",
      "account": {
        "name": "00110160759"
      }
    },
    "verb": {
      "id": "http://adlnet.gov/expapi/verbs/gainColor",
      "display": {
        "zh_CN": "xapi.verb.gainColor"
      }
    },
    "object": {
      "id": "http://lcell.bnu.edu.cn/psaa_exp/view/task/step/3306.htm#yellow",
      "definition": {
        "name": {
          "zh_CN": "蚜虫颜色趋性"
        },
        "description": {
          "zh_CN": "蚜虫颜色趋性"
        },
        "type": "http://psaa.net/xapi/acitivitytype/question"
      }
    },
    "context": {
      "contextActivities": {
        "other": [
          {
            "id": "http://lcell.bnu.edu.cn/psaa_exp/view/task/2001.htm"
          },
          {
            "id": "http://lcell.bnu.edu.cn/psaa_exp/view/task/session/12417.htm"
          },
          {
            "id": "http://lcell.bnu.edu.cn/psaa_exp/view/task/process/2704.htm"
          },
          {
            "id": "http://lcell.bnu.edu.cn/psaa_exp/view/task/process/session/26121.htm"
          },
          {
            "id": "http://lcell.bnu.edu.cn/psaa_exp/view/task/step/3306.htm"
          },
          {
            "id": "http://lcell.bnu.edu.cn/psaa_exp/view/task/step/session/42541.htm"
          }
        ]
      }
    },
    "timestamp": "2018-09-06T13:55:52+08:00",
    "stored": "2018-09-06T06:02:05Z",
    "version": "1.0.1"
  },
  {
    "id": "3a25c3442e3a49d3a578ac47c9b53897",
    "actor": {
      "objectType": "Agent",
      "name": "00110160759",
      "account": {
        "name": "00110160759"
      }
    },
    "verb": {
      "id": "http://adlnet.gov/expapi/verbs/gainColor",
      "display": {
        "zh_CN": "xapi.verb.gainColor"
      }
    },
    "object": {
      "id": "http://lcell.bnu.edu.cn/psaa_exp/view/task/step/3306.htm#yellow",
      "definition": {
        "name": {
          "zh_CN": "蚜虫颜色趋性"
        },
        "description": {
          "zh_CN": "蚜虫颜色趋性"
        },
        "type": "http://psaa.net/xapi/acitivitytype/question"
      }
    },
    "context": {
      "contextActivities": {
        "other": [
          {
            "id": "http://lcell.bnu.edu.cn/psaa_exp/view/task/2001.htm"
          },
          {
            "id": "http://lcell.bnu.edu.cn/psaa_exp/view/task/session/12417.htm"
          },
          {
            "id": "http://lcell.bnu.edu.cn/psaa_exp/view/task/process/2704.htm"
          },
          {
            "id": "http://lcell.bnu.edu.cn/psaa_exp/view/task/process/session/26121.htm"
          },
          {
            "id": "http://lcell.bnu.edu.cn/psaa_exp/view/task/step/3306.htm"
          },
          {
            "id": "http://lcell.bnu.edu.cn/psaa_exp/view/task/step/session/42541.htm"
          }
        ]
      }
    },
    "timestamp": "2018-09-06T13:55:54+08:00",
    "stored": "2018-09-06T06:02:06Z",
    "version": "1.0.1"
  },
  {
    "id": "c1f0b8bccea04041806d0a4723403b61",
    "actor": {
      "objectType": "Agent",
      "name": "00110160759",
      "account": {
        "name": "00110160759"
      }
    },
    "verb": {
      "id": "http://adlnet.gov/expapi/verbs/fillColor",
      "display": {
        "zh_CN": "xapi.verb.fillColor"
      }
    },
    "object": {
      "id": "http://lcell.bnu.edu.cn/psaa_exp/view/task/step/3306.htm#trap-tree tree1",
      "definition": {
        "name": {
          "zh_CN": "蚜虫颜色趋性"
        },
        "description": {
          "zh_CN": "蚜虫颜色趋性"
        },
        "type": "http://psaa.net/xapi/acitivitytype/question"
      }
    },
    "context": {
      "contextActivities": {
        "other": [
          {
            "id": "http://lcell.bnu.edu.cn/psaa_exp/view/task/2001.htm"
          },
          {
            "id": "http://lcell.bnu.edu.cn/psaa_exp/view/task/session/12417.htm"
          },
          {
            "id": "http://lcell.bnu.edu.cn/psaa_exp/view/task/process/2704.htm"
          },
          {
            "id": "http://lcell.bnu.edu.cn/psaa_exp/view/task/process/session/26121.htm"
          },
          {
            "id": "http://lcell.bnu.edu.cn/psaa_exp/view/task/step/3306.htm"
          },
          {
            "id": "http://lcell.bnu.edu.cn/psaa_exp/view/task/step/session/42541.htm"
          }
        ]
      }
    },
    "timestamp": "2018-09-06T13:55:55+08:00",
    "stored": "2018-09-06T06:02:06Z",
    "version": "1.0.1"
  },
  {
    "id": "59a70f1cfb3549fe931c7c68ce3623b7",
    "actor": {
      "objectType": "Agent",
      "name": "00110160759",
      "account": {
        "name": "00110160759"
      }
    },
    "verb": {
      "id": "http://adlnet.gov/expapi/verbs/gainColor",
      "display": {
        "zh_CN": "xapi.verb.gainColor"
      }
    },
    "object": {
      "id": "http://lcell.bnu.edu.cn/psaa_exp/view/task/step/3306.htm#yellow",
      "definition": {
        "name": {
          "zh_CN": "蚜虫颜色趋性"
        },
        "description": {
          "zh_CN": "蚜虫颜色趋性"
        },
        "type": "http://psaa.net/xapi/acitivitytype/question"
      }
    },
    "context": {
      "contextActivities": {
        "other": [
          {
            "id": "http://lcell.bnu.edu.cn/psaa_exp/view/task/2001.htm"
          },
          {
            "id": "http://lcell.bnu.edu.cn/psaa_exp/view/task/session/12417.htm"
          },
          {
            "id": "http://lcell.bnu.edu.cn/psaa_exp/view/task/process/2704.htm"
          },
          {
            "id": "http://lcell.bnu.edu.cn/psaa_exp/view/task/process/session/26121.htm"
          },
          {
            "id": "http://lcell.bnu.edu.cn/psaa_exp/view/task/step/3306.htm"
          },
          {
            "id": "http://lcell.bnu.edu.cn/psaa_exp/view/task/step/session/42541.htm"
          }
        ]
      }
    },
    "timestamp": "2018-09-06T13:56:05+08:00",
    "stored": "2018-09-06T06:02:12Z",
    "version": "1.0.1"
  },
  {
    "id": "84c51c99a5ba4fde8b3b7a26d46dd661",
    "actor": {
      "objectType": "Agent",
      "name": "00110160759",
      "account": {
        "name": "00110160759"
      }
    },
    "verb": {
      "id": "http://adlnet.gov/expapi/verbs/gainColor",
      "display": {
        "zh_CN": "xapi.verb.gainColor"
      }
    },
    "object": {
      "id": "http://lcell.bnu.edu.cn/psaa_exp/view/task/step/3306.htm#green",
      "definition": {
        "name": {
          "zh_CN": "蚜虫颜色趋性"
        },
        "description": {
          "zh_CN": "蚜虫颜色趋性"
        },
        "type": "http://psaa.net/xapi/acitivitytype/question"
      }
    },
    "context": {
      "contextActivities": {
        "other": [
          {
            "id": "http://lcell.bnu.edu.cn/psaa_exp/view/task/2001.htm"
          },
          {
            "id": "http://lcell.bnu.edu.cn/psaa_exp/view/task/session/12417.htm"
          },
          {
            "id": "http://lcell.bnu.edu.cn/psaa_exp/view/task/process/2704.htm"
          },
          {
            "id": "http://lcell.bnu.edu.cn/psaa_exp/view/task/process/session/26121.htm"
          },
          {
            "id": "http://lcell.bnu.edu.cn/psaa_exp/view/task/step/3306.htm"
          },
          {
            "id": "http://lcell.bnu.edu.cn/psaa_exp/view/task/step/session/42541.htm"
          }
        ]
      }
    },
    "timestamp": "2018-09-06T13:56:08+08:00",
    "stored": "2018-09-06T06:02:13Z",
    "version": "1.0.1"
  },
  {
    "id": "4a9ac0076f3e401fbd6650abc8a43939",
    "actor": {
      "objectType": "Agent",
      "name": "00110160759",
      "account": {
        "name": "00110160759"
      }
    },
    "verb": {
      "id": "http://adlnet.gov/expapi/verbs/gainColor",
      "display": {
        "zh_CN": "xapi.verb.gainColor"
      }
    },
    "object": {
      "id": "http://lcell.bnu.edu.cn/psaa_exp/view/task/step/3306.htm#yellow",
      "definition": {
        "name": {
          "zh_CN": "蚜虫颜色趋性"
        },
        "description": {
          "zh_CN": "蚜虫颜色趋性"
        },
        "type": "http://psaa.net/xapi/acitivitytype/question"
      }
    },
    "context": {
      "contextActivities": {
        "other": [
          {
            "id": "http://lcell.bnu.edu.cn/psaa_exp/view/task/2001.htm"
          },
          {
            "id": "http://lcell.bnu.edu.cn/psaa_exp/view/task/session/12417.htm"
          },
          {
            "id": "http://lcell.bnu.edu.cn/psaa_exp/view/task/process/2704.htm"
          },
          {
            "id": "http://lcell.bnu.edu.cn/psaa_exp/view/task/process/session/26121.htm"
          },
          {
            "id": "http://lcell.bnu.edu.cn/psaa_exp/view/task/step/3306.htm"
          },
          {
            "id": "http://lcell.bnu.edu.cn/psaa_exp/view/task/step/session/42541.htm"
          }
        ]
      }
    },
    "timestamp": "2018-09-06T13:56:09+08:00",
    "stored": "2018-09-06T06:02:14Z",
    "version": "1.0.1"
  },
  {
    "id": "6af2a0f0c6fd4047bd9af5e5273faf80",
    "actor": {
      "objectType": "Agent",
      "name": "00110160759",
      "account": {
        "name": "00110160759"
      }
    },
    "verb": {
      "id": "http://adlnet.gov/expapi/verbs/gainColor",
      "display": {
        "zh_CN": "xapi.verb.gainColor"
      }
    },
    "object": {
      "id": "http://lcell.bnu.edu.cn/psaa_exp/view/task/step/3306.htm#red",
      "definition": {
        "name": {
          "zh_CN": "蚜虫颜色趋性"
        },
        "description": {
          "zh_CN": "蚜虫颜色趋性"
        },
        "type": "http://psaa.net/xapi/acitivitytype/question"
      }
    },
    "context": {
      "contextActivities": {
        "other": [
          {
            "id": "http://lcell.bnu.edu.cn/psaa_exp/view/task/2001.htm"
          },
          {
            "id": "http://lcell.bnu.edu.cn/psaa_exp/view/task/session/12417.htm"
          },
          {
            "id": "http://lcell.bnu.edu.cn/psaa_exp/view/task/process/2704.htm"
          },
          {
            "id": "http://lcell.bnu.edu.cn/psaa_exp/view/task/process/session/26121.htm"
          },
          {
            "id": "http://lcell.bnu.edu.cn/psaa_exp/view/task/step/3306.htm"
          },
          {
            "id": "http://lcell.bnu.edu.cn/psaa_exp/view/task/step/session/42541.htm"
          }
        ]
      }
    },
    "timestamp": "2018-09-06T13:56:09+08:00",
    "stored": "2018-09-06T06:02:14Z",
    "version": "1.0.1"
  },
  {
    "id": "a9f3a0b802524bd0926ec06da9e7cecc",
    "actor": {
      "objectType": "Agent",
      "name": "00110160759",
      "account": {
        "name": "00110160759"
      }
    },
    "verb": {
      "id": "http://adlnet.gov/expapi/verbs/fillColor",
      "display": {
        "zh_CN": "xapi.verb.fillColor"
      }
    },
    "object": {
      "id": "http://lcell.bnu.edu.cn/psaa_exp/view/task/step/3306.htm#trap-tree tree2",
      "definition": {
        "name": {
          "zh_CN": "蚜虫颜色趋性"
        },
        "description": {
          "zh_CN": "蚜虫颜色趋性"
        },
        "type": "http://psaa.net/xapi/acitivitytype/question"
      }
    },
    "context": {
      "contextActivities": {
        "other": [
          {
            "id": "http://lcell.bnu.edu.cn/psaa_exp/view/task/2001.htm"
          },
          {
            "id": "http://lcell.bnu.edu.cn/psaa_exp/view/task/session/12417.htm"
          },
          {
            "id": "http://lcell.bnu.edu.cn/psaa_exp/view/task/process/2704.htm"
          },
          {
            "id": "http://lcell.bnu.edu.cn/psaa_exp/view/task/process/session/26121.htm"
          },
          {
            "id": "http://lcell.bnu.edu.cn/psaa_exp/view/task/step/3306.htm"
          },
          {
            "id": "http://lcell.bnu.edu.cn/psaa_exp/view/task/step/session/42541.htm"
          }
        ]
      }
    },
    "timestamp": "2018-09-06T13:56:11+08:00",
    "stored": "2018-09-06T06:02:15Z",
    "version": "1.0.1"
  },
  {
    "id": "ad96d43034c042a4a01c5ca249eb03b4",
    "actor": {
      "objectType": "Agent",
      "name": "00110160759",
      "account": {
        "name": "00110160759"
      }
    },
    "verb": {
      "id": "http://adlnet.gov/expapi/verbs/gainColor",
      "display": {
        "zh_CN": "xapi.verb.gainColor"
      }
    },
    "object": {
      "id": "http://lcell.bnu.edu.cn/psaa_exp/view/task/step/3306.htm#orange",
      "definition": {
        "name": {
          "zh_CN": "蚜虫颜色趋性"
        },
        "description": {
          "zh_CN": "蚜虫颜色趋性"
        },
        "type": "http://psaa.net/xapi/acitivitytype/question"
      }
    },
    "context": {
      "contextActivities": {
        "other": [
          {
            "id": "http://lcell.bnu.edu.cn/psaa_exp/view/task/2001.htm"
          },
          {
            "id": "http://lcell.bnu.edu.cn/psaa_exp/view/task/session/12417.htm"
          },
          {
            "id": "http://lcell.bnu.edu.cn/psaa_exp/view/task/process/2704.htm"
          },
          {
            "id": "http://lcell.bnu.edu.cn/psaa_exp/view/task/process/session/26121.htm"
          },
          {
            "id": "http://lcell.bnu.edu.cn/psaa_exp/view/task/step/3306.htm"
          },
          {
            "id": "http://lcell.bnu.edu.cn/psaa_exp/view/task/step/session/42541.htm"
          }
        ]
      }
    },
    "timestamp": "2018-09-06T13:56:12+08:00",
    "stored": "2018-09-06T06:02:16Z",
    "version": "1.0.1"
  },
  {
    "id": "98f9117389504da8bf33aff95e5533b4",
    "actor": {
      "objectType": "Agent",
      "name": "00110160759",
      "account": {
        "name": "00110160759"
      }
    },
    "verb": {
      "id": "http://adlnet.gov/expapi/verbs/fillColor",
      "display": {
        "zh_CN": "xapi.verb.fillColor"
      }
    },
    "object": {
      "id": "http://lcell.bnu.edu.cn/psaa_exp/view/task/step/3306.htm#trap-tree tree3",
      "definition": {
        "name": {
          "zh_CN": "蚜虫颜色趋性"
        },
        "description": {
          "zh_CN": "蚜虫颜色趋性"
        },
        "type": "http://psaa.net/xapi/acitivitytype/question"
      }
    },
    "context": {
      "contextActivities": {
        "other": [
          {
            "id": "http://lcell.bnu.edu.cn/psaa_exp/view/task/2001.htm"
          },
          {
            "id": "http://lcell.bnu.edu.cn/psaa_exp/view/task/session/12417.htm"
          },
          {
            "id": "http://lcell.bnu.edu.cn/psaa_exp/view/task/process/2704.htm"
          },
          {
            "id": "http://lcell.bnu.edu.cn/psaa_exp/view/task/process/session/26121.htm"
          },
          {
            "id": "http://lcell.bnu.edu.cn/psaa_exp/view/task/step/3306.htm"
          },
          {
            "id": "http://lcell.bnu.edu.cn/psaa_exp/view/task/step/session/42541.htm"
          }
        ]
      }
    },
    "timestamp": "2018-09-06T13:56:13+08:00",
    "stored": "2018-09-06T06:02:18Z",
    "version": "1.0.1"
  },
  {
    "id": "8d966ff98e0a4b5981b8b03bcfcf5f86",
    "actor": {
      "objectType": "Agent",
      "name": "00110160759",
      "account": {
        "name": "00110160759"
      }
    },
    "verb": {
      "id": "http://adlnet.gov/expapi/verbs/gainColor",
      "display": {
        "zh_CN": "xapi.verb.gainColor"
      }
    },
    "object": {
      "id": "http://lcell.bnu.edu.cn/psaa_exp/view/task/step/3306.htm#blue",
      "definition": {
        "name": {
          "zh_CN": "蚜虫颜色趋性"
        },
        "description": {
          "zh_CN": "蚜虫颜色趋性"
        },
        "type": "http://psaa.net/xapi/acitivitytype/question"
      }
    },
    "context": {
      "contextActivities": {
        "other": [
          {
            "id": "http://lcell.bnu.edu.cn/psaa_exp/view/task/2001.htm"
          },
          {
            "id": "http://lcell.bnu.edu.cn/psaa_exp/view/task/session/12417.htm"
          },
          {
            "id": "http://lcell.bnu.edu.cn/psaa_exp/view/task/process/2704.htm"
          },
          {
            "id": "http://lcell.bnu.edu.cn/psaa_exp/view/task/process/session/26121.htm"
          },
          {
            "id": "http://lcell.bnu.edu.cn/psaa_exp/view/task/step/3306.htm"
          },
          {
            "id": "http://lcell.bnu.edu.cn/psaa_exp/view/task/step/session/42541.htm"
          }
        ]
      }
    },
    "timestamp": "2018-09-06T13:56:14+08:00",
    "stored": "2018-09-06T06:02:19Z",
    "version": "1.0.1"
  },
  {
    "id": "ab81d2a08e224941b633bf7055f18932",
    "actor": {
      "objectType": "Agent",
      "name": "00110160759",
      "account": {
        "name": "00110160759"
      }
    },
    "verb": {
      "id": "http://adlnet.gov/expapi/verbs/fillColor",
      "display": {
        "zh_CN": "xapi.verb.fillColor"
      }
    },
    "object": {
      "id": "http://lcell.bnu.edu.cn/psaa_exp/view/task/step/3306.htm#trap-tree tree4",
      "definition": {
        "name": {
          "zh_CN": "蚜虫颜色趋性"
        },
        "description": {
          "zh_CN": "蚜虫颜色趋性"
        },
        "type": "http://psaa.net/xapi/acitivitytype/question"
      }
    },
    "context": {
      "contextActivities": {
        "other": [
          {
            "id": "http://lcell.bnu.edu.cn/psaa_exp/view/task/2001.htm"
          },
          {
            "id": "http://lcell.bnu.edu.cn/psaa_exp/view/task/session/12417.htm"
          },
          {
            "id": "http://lcell.bnu.edu.cn/psaa_exp/view/task/process/2704.htm"
          },
          {
            "id": "http://lcell.bnu.edu.cn/psaa_exp/view/task/process/session/26121.htm"
          },
          {
            "id": "http://lcell.bnu.edu.cn/psaa_exp/view/task/step/3306.htm"
          },
          {
            "id": "http://lcell.bnu.edu.cn/psaa_exp/view/task/step/session/42541.htm"
          }
        ]
      }
    },
    "timestamp": "2018-09-06T13:56:15+08:00",
    "stored": "2018-09-06T06:02:20Z",
    "version": "1.0.1"
  },
  {
    "id": "473b157c3eab442abea6737670c7faaf",
    "actor": {
      "objectType": "Agent",
      "name": "00110160759",
      "account": {
        "name": "00110160759"
      }
    },
    "verb": {
      "id": "http://adlnet.gov/expapi/verbs/gainColor",
      "display": {
        "zh_CN": "xapi.verb.gainColor"
      }
    },
    "object": {
      "id": "http://lcell.bnu.edu.cn/psaa_exp/view/task/step/3306.htm#purple",
      "definition": {
        "name": {
          "zh_CN": "蚜虫颜色趋性"
        },
        "description": {
          "zh_CN": "蚜虫颜色趋性"
        },
        "type": "http://psaa.net/xapi/acitivitytype/question"
      }
    },
    "context": {
      "contextActivities": {
        "other": [
          {
            "id": "http://lcell.bnu.edu.cn/psaa_exp/view/task/2001.htm"
          },
          {
            "id": "http://lcell.bnu.edu.cn/psaa_exp/view/task/session/12417.htm"
          },
          {
            "id": "http://lcell.bnu.edu.cn/psaa_exp/view/task/process/2704.htm"
          },
          {
            "id": "http://lcell.bnu.edu.cn/psaa_exp/view/task/process/session/26121.htm"
          },
          {
            "id": "http://lcell.bnu.edu.cn/psaa_exp/view/task/step/3306.htm"
          },
          {
            "id": "http://lcell.bnu.edu.cn/psaa_exp/view/task/step/session/42541.htm"
          }
        ]
      }
    },
    "timestamp": "2018-09-06T13:56:15+08:00",
    "stored": "2018-09-06T06:02:21Z",
    "version": "1.0.1"
  },
  {
    "id": "6a2bedf34f854e83b28dab8c1f7e0c95",
    "actor": {
      "objectType": "Agent",
      "name": "00110160759",
      "account": {
        "name": "00110160759"
      }
    },
    "verb": {
      "id": "http://adlnet.gov/expapi/verbs/fillColor",
      "display": {
        "zh_CN": "xapi.verb.fillColor"
      }
    },
    "object": {
      "id": "http://lcell.bnu.edu.cn/psaa_exp/view/task/step/3306.htm#trap-tree tree5",
      "definition": {
        "name": {
          "zh_CN": "蚜虫颜色趋性"
        },
        "description": {
          "zh_CN": "蚜虫颜色趋性"
        },
        "type": "http://psaa.net/xapi/acitivitytype/question"
      }
    },
    "context": {
      "contextActivities": {
        "other": [
          {
            "id": "http://lcell.bnu.edu.cn/psaa_exp/view/task/2001.htm"
          },
          {
            "id": "http://lcell.bnu.edu.cn/psaa_exp/view/task/session/12417.htm"
          },
          {
            "id": "http://lcell.bnu.edu.cn/psaa_exp/view/task/process/2704.htm"
          },
          {
            "id": "http://lcell.bnu.edu.cn/psaa_exp/view/task/process/session/26121.htm"
          },
          {
            "id": "http://lcell.bnu.edu.cn/psaa_exp/view/task/step/3306.htm"
          },
          {
            "id": "http://lcell.bnu.edu.cn/psaa_exp/view/task/step/session/42541.htm"
          }
        ]
      }
    },
    "timestamp": "2018-09-06T13:56:16+08:00",
    "stored": "2018-09-06T06:02:22Z",
    "version": "1.0.1"
  },
  {
    "id": "dbe2728664bb498eab663ac48022f8f6",
    "actor": {
      "objectType": "Agent",
      "name": "00110160759",
      "account": {
        "name": "00110160759"
      }
    },
    "verb": {
      "id": "http://adlnet.gov/expapi/verbs/gainColor",
      "display": {
        "zh_CN": "xapi.verb.gainColor"
      }
    },
    "object": {
      "id": "http://lcell.bnu.edu.cn/psaa_exp/view/task/step/3306.htm#deepblue",
      "definition": {
        "name": {
          "zh_CN": "蚜虫颜色趋性"
        },
        "description": {
          "zh_CN": "蚜虫颜色趋性"
        },
        "type": "http://psaa.net/xapi/acitivitytype/question"
      }
    },
    "context": {
      "contextActivities": {
        "other": [
          {
            "id": "http://lcell.bnu.edu.cn/psaa_exp/view/task/2001.htm"
          },
          {
            "id": "http://lcell.bnu.edu.cn/psaa_exp/view/task/session/12417.htm"
          },
          {
            "id": "http://lcell.bnu.edu.cn/psaa_exp/view/task/process/2704.htm"
          },
          {
            "id": "http://lcell.bnu.edu.cn/psaa_exp/view/task/process/session/26121.htm"
          },
          {
            "id": "http://lcell.bnu.edu.cn/psaa_exp/view/task/step/3306.htm"
          },
          {
            "id": "http://lcell.bnu.edu.cn/psaa_exp/view/task/step/session/42541.htm"
          }
        ]
      }
    },
    "timestamp": "2018-09-06T13:56:17+08:00",
    "stored": "2018-09-06T06:02:22Z",
    "version": "1.0.1"
  },
  {
    "id": "601bc2a8c91a4e74be3764c94184a3ef",
    "actor": {
      "objectType": "Agent",
      "name": "00110160759",
      "account": {
        "name": "00110160759"
      }
    },
    "verb": {
      "id": "http://adlnet.gov/expapi/verbs/fillColor",
      "display": {
        "zh_CN": "xapi.verb.fillColor"
      }
    },
    "object": {
      "id": "http://lcell.bnu.edu.cn/psaa_exp/view/task/step/3306.htm#trap-tree tree6",
      "definition": {
        "name": {
          "zh_CN": "蚜虫颜色趋性"
        },
        "description": {
          "zh_CN": "蚜虫颜色趋性"
        },
        "type": "http://psaa.net/xapi/acitivitytype/question"
      }
    },
    "context": {
      "contextActivities": {
        "other": [
          {
            "id": "http://lcell.bnu.edu.cn/psaa_exp/view/task/2001.htm"
          },
          {
            "id": "http://lcell.bnu.edu.cn/psaa_exp/view/task/session/12417.htm"
          },
          {
            "id": "http://lcell.bnu.edu.cn/psaa_exp/view/task/process/2704.htm"
          },
          {
            "id": "http://lcell.bnu.edu.cn/psaa_exp/view/task/process/session/26121.htm"
          },
          {
            "id": "http://lcell.bnu.edu.cn/psaa_exp/view/task/step/3306.htm"
          },
          {
            "id": "http://lcell.bnu.edu.cn/psaa_exp/view/task/step/session/42541.htm"
          }
        ]
      }
    },
    "timestamp": "2018-09-06T13:56:21+08:00",
    "stored": "2018-09-06T06:02:25Z",
    "version": "1.0.1"
  },
  {
    "id": "a2797c16dc42429aab87a7a7e0b1a448",
    "actor": {
      "objectType": "Agent",
      "name": "00110160759",
      "account": {
        "name": "00110160759"
      }
    },
    "verb": {
      "id": "http://adlnet.gov/expapi/verbs/click",
      "display": {
        "zh_CN": "xapi.verb.click"
      }
    },
    "object": {
      "id": "http://lcell.bnu.edu.cn/psaa_exp/view/task/step/3306.htm#运行",
      "definition": {
        "name": {
          "zh_CN": "蚜虫颜色趋性"
        },
        "description": {
          "zh_CN": "蚜虫颜色趋性"
        },
        "type": "http://psaa.net/xapi/acitivitytype/question"
      }
    },
    "context": {
      "contextActivities": {
        "other": [
          {
            "id": "http://lcell.bnu.edu.cn/psaa_exp/view/task/2001.htm"
          },
          {
            "id": "http://lcell.bnu.edu.cn/psaa_exp/view/task/session/12417.htm"
          },
          {
            "id": "http://lcell.bnu.edu.cn/psaa_exp/view/task/process/2704.htm"
          },
          {
            "id": "http://lcell.bnu.edu.cn/psaa_exp/view/task/process/session/26121.htm"
          },
          {
            "id": "http://lcell.bnu.edu.cn/psaa_exp/view/task/step/3306.htm"
          },
          {
            "id": "http://lcell.bnu.edu.cn/psaa_exp/view/task/step/session/42541.htm"
          }
        ]
      }
    },
    "timestamp": "2018-09-06T13:56:23+08:00",
    "stored": "2018-09-06T06:02:25Z",
    "version": "1.0.1"
  },
  {
    "id": "ae317f7ea83d4bff84a48689200bc22f",
    "actor": {
      "objectType": "Agent",
      "name": "00110160759",
      "account": {
        "name": "00110160759"
      }
    },
    "verb": {
      "id": "http://adlnet.gov/expapi/verbs/gainColor",
      "display": {
        "zh_CN": "xapi.verb.gainColor"
      }
    },
    "object": {
      "id": "http://lcell.bnu.edu.cn/psaa_exp/view/task/step/3306.htm#red",
      "definition": {
        "name": {
          "zh_CN": "蚜虫颜色趋性"
        },
        "description": {
          "zh_CN": "蚜虫颜色趋性"
        },
        "type": "http://psaa.net/xapi/acitivitytype/question"
      }
    },
    "context": {
      "contextActivities": {
        "other": [
          {
            "id": "http://lcell.bnu.edu.cn/psaa_exp/view/task/2001.htm"
          },
          {
            "id": "http://lcell.bnu.edu.cn/psaa_exp/view/task/session/12417.htm"
          },
          {
            "id": "http://lcell.bnu.edu.cn/psaa_exp/view/task/process/2704.htm"
          },
          {
            "id": "http://lcell.bnu.edu.cn/psaa_exp/view/task/process/session/26121.htm"
          },
          {
            "id": "http://lcell.bnu.edu.cn/psaa_exp/view/task/step/3306.htm"
          },
          {
            "id": "http://lcell.bnu.edu.cn/psaa_exp/view/task/step/session/42541.htm"
          }
        ]
      }
    },
    "timestamp": "2018-09-06T13:56:38+08:00",
    "stored": "2018-09-06T06:02:35Z",
    "version": "1.0.1"
  },
  {
    "id": "989636bad69d4552a2037e3493c2b2f7",
    "actor": {
      "objectType": "Agent",
      "name": "00110160759",
      "account": {
        "name": "00110160759"
      }
    },
    "verb": {
      "id": "http://adlnet.gov/expapi/verbs/fillColor",
      "display": {
        "zh_CN": "xapi.verb.fillColor"
      }
    },
    "object": {
      "id": "http://lcell.bnu.edu.cn/psaa_exp/view/task/step/3306.htm#trap-tree tree1",
      "definition": {
        "name": {
          "zh_CN": "蚜虫颜色趋性"
        },
        "description": {
          "zh_CN": "蚜虫颜色趋性"
        },
        "type": "http://psaa.net/xapi/acitivitytype/question"
      }
    },
    "context": {
      "contextActivities": {
        "other": [
          {
            "id": "http://lcell.bnu.edu.cn/psaa_exp/view/task/2001.htm"
          },
          {
            "id": "http://lcell.bnu.edu.cn/psaa_exp/view/task/session/12417.htm"
          },
          {
            "id": "http://lcell.bnu.edu.cn/psaa_exp/view/task/process/2704.htm"
          },
          {
            "id": "http://lcell.bnu.edu.cn/psaa_exp/view/task/process/session/26121.htm"
          },
          {
            "id": "http://lcell.bnu.edu.cn/psaa_exp/view/task/step/3306.htm"
          },
          {
            "id": "http://lcell.bnu.edu.cn/psaa_exp/view/task/step/session/42541.htm"
          }
        ]
      }
    },
    "timestamp": "2018-09-06T13:56:38+08:00",
    "stored": "2018-09-06T06:02:36Z",
    "version": "1.0.1"
  },
  {
    "id": "157ec8423f2e4f96b771038234c858bd",
    "actor": {
      "objectType": "Agent",
      "name": "00110160759",
      "account": {
        "name": "00110160759"
      }
    },
    "verb": {
      "id": "http://adlnet.gov/expapi/verbs/gainColor",
      "display": {
        "zh_CN": "xapi.verb.gainColor"
      }
    },
    "object": {
      "id": "http://lcell.bnu.edu.cn/psaa_exp/view/task/step/3306.htm#orange",
      "definition": {
        "name": {
          "zh_CN": "蚜虫颜色趋性"
        },
        "description": {
          "zh_CN": "蚜虫颜色趋性"
        },
        "type": "http://psaa.net/xapi/acitivitytype/question"
      }
    },
    "context": {
      "contextActivities": {
        "other": [
          {
            "id": "http://lcell.bnu.edu.cn/psaa_exp/view/task/2001.htm"
          },
          {
            "id": "http://lcell.bnu.edu.cn/psaa_exp/view/task/session/12417.htm"
          },
          {
            "id": "http://lcell.bnu.edu.cn/psaa_exp/view/task/process/2704.htm"
          },
          {
            "id": "http://lcell.bnu.edu.cn/psaa_exp/view/task/process/session/26121.htm"
          },
          {
            "id": "http://lcell.bnu.edu.cn/psaa_exp/view/task/step/3306.htm"
          },
          {
            "id": "http://lcell.bnu.edu.cn/psaa_exp/view/task/step/session/42541.htm"
          }
        ]
      }
    },
    "timestamp": "2018-09-06T13:56:39+08:00",
    "stored": "2018-09-06T06:02:37Z",
    "version": "1.0.1"
  },
  {
    "id": "f664b7c15537432dbc837a664d95b6d5",
    "actor": {
      "objectType": "Agent",
      "name": "00110160759",
      "account": {
        "name": "00110160759"
      }
    },
    "verb": {
      "id": "http://adlnet.gov/expapi/verbs/fillColor",
      "display": {
        "zh_CN": "xapi.verb.fillColor"
      }
    },
    "object": {
      "id": "http://lcell.bnu.edu.cn/psaa_exp/view/task/step/3306.htm#trap-tree tree2",
      "definition": {
        "name": {
          "zh_CN": "蚜虫颜色趋性"
        },
        "description": {
          "zh_CN": "蚜虫颜色趋性"
        },
        "type": "http://psaa.net/xapi/acitivitytype/question"
      }
    },
    "context": {
      "contextActivities": {
        "other": [
          {
            "id": "http://lcell.bnu.edu.cn/psaa_exp/view/task/2001.htm"
          },
          {
            "id": "http://lcell.bnu.edu.cn/psaa_exp/view/task/session/12417.htm"
          },
          {
            "id": "http://lcell.bnu.edu.cn/psaa_exp/view/task/process/2704.htm"
          },
          {
            "id": "http://lcell.bnu.edu.cn/psaa_exp/view/task/process/session/26121.htm"
          },
          {
            "id": "http://lcell.bnu.edu.cn/psaa_exp/view/task/step/3306.htm"
          },
          {
            "id": "http://lcell.bnu.edu.cn/psaa_exp/view/task/step/session/42541.htm"
          }
        ]
      }
    },
    "timestamp": "2018-09-06T13:56:40+08:00",
    "stored": "2018-09-06T06:02:37Z",
    "version": "1.0.1"
  },
  {
    "id": "8fcd5f4c748b438d9a465ea22e976f45",
    "actor": {
      "objectType": "Agent",
      "name": "00110160759",
      "account": {
        "name": "00110160759"
      }
    },
    "verb": {
      "id": "http://adlnet.gov/expapi/verbs/gainColor",
      "display": {
        "zh_CN": "xapi.verb.gainColor"
      }
    },
    "object": {
      "id": "http://lcell.bnu.edu.cn/psaa_exp/view/task/step/3306.htm#yellow",
      "definition": {
        "name": {
          "zh_CN": "蚜虫颜色趋性"
        },
        "description": {
          "zh_CN": "蚜虫颜色趋性"
        },
        "type": "http://psaa.net/xapi/acitivitytype/question"
      }
    },
    "context": {
      "contextActivities": {
        "other": [
          {
            "id": "http://lcell.bnu.edu.cn/psaa_exp/view/task/2001.htm"
          },
          {
            "id": "http://lcell.bnu.edu.cn/psaa_exp/view/task/session/12417.htm"
          },
          {
            "id": "http://lcell.bnu.edu.cn/psaa_exp/view/task/process/2704.htm"
          },
          {
            "id": "http://lcell.bnu.edu.cn/psaa_exp/view/task/process/session/26121.htm"
          },
          {
            "id": "http://lcell.bnu.edu.cn/psaa_exp/view/task/step/3306.htm"
          },
          {
            "id": "http://lcell.bnu.edu.cn/psaa_exp/view/task/step/session/42541.htm"
          }
        ]
      }
    },
    "timestamp": "2018-09-06T13:56:40+08:00",
    "stored": "2018-09-06T06:02:37Z",
    "version": "1.0.1"
  },
  {
    "id": "b35373d2e31e463f94c0e2de3de9fbc9",
    "actor": {
      "objectType": "Agent",
      "name": "00110160759",
      "account": {
        "name": "00110160759"
      }
    },
    "verb": {
      "id": "http://adlnet.gov/expapi/verbs/fillColor",
      "display": {
        "zh_CN": "xapi.verb.fillColor"
      }
    },
    "object": {
      "id": "http://lcell.bnu.edu.cn/psaa_exp/view/task/step/3306.htm#trap-tree tree3",
      "definition": {
        "name": {
          "zh_CN": "蚜虫颜色趋性"
        },
        "description": {
          "zh_CN": "蚜虫颜色趋性"
        },
        "type": "http://psaa.net/xapi/acitivitytype/question"
      }
    },
    "context": {
      "contextActivities": {
        "other": [
          {
            "id": "http://lcell.bnu.edu.cn/psaa_exp/view/task/2001.htm"
          },
          {
            "id": "http://lcell.bnu.edu.cn/psaa_exp/view/task/session/12417.htm"
          },
          {
            "id": "http://lcell.bnu.edu.cn/psaa_exp/view/task/process/2704.htm"
          },
          {
            "id": "http://lcell.bnu.edu.cn/psaa_exp/view/task/process/session/26121.htm"
          },
          {
            "id": "http://lcell.bnu.edu.cn/psaa_exp/view/task/step/3306.htm"
          },
          {
            "id": "http://lcell.bnu.edu.cn/psaa_exp/view/task/step/session/42541.htm"
          }
        ]
      }
    },
    "timestamp": "2018-09-06T13:56:41+08:00",
    "stored": "2018-09-06T06:02:37Z",
    "version": "1.0.1"
  },
  {
    "id": "530596fd98564d17a56ffe92bc1930ec",
    "actor": {
      "objectType": "Agent",
      "name": "00110160759",
      "account": {
        "name": "00110160759"
      }
    },
    "verb": {
      "id": "http://adlnet.gov/expapi/verbs/gainColor",
      "display": {
        "zh_CN": "xapi.verb.gainColor"
      }
    },
    "object": {
      "id": "http://lcell.bnu.edu.cn/psaa_exp/view/task/step/3306.htm#green",
      "definition": {
        "name": {
          "zh_CN": "蚜虫颜色趋性"
        },
        "description": {
          "zh_CN": "蚜虫颜色趋性"
        },
        "type": "http://psaa.net/xapi/acitivitytype/question"
      }
    },
    "context": {
      "contextActivities": {
        "other": [
          {
            "id": "http://lcell.bnu.edu.cn/psaa_exp/view/task/2001.htm"
          },
          {
            "id": "http://lcell.bnu.edu.cn/psaa_exp/view/task/session/12417.htm"
          },
          {
            "id": "http://lcell.bnu.edu.cn/psaa_exp/view/task/process/2704.htm"
          },
          {
            "id": "http://lcell.bnu.edu.cn/psaa_exp/view/task/process/session/26121.htm"
          },
          {
            "id": "http://lcell.bnu.edu.cn/psaa_exp/view/task/step/3306.htm"
          },
          {
            "id": "http://lcell.bnu.edu.cn/psaa_exp/view/task/step/session/42541.htm"
          }
        ]
      }
    },
    "timestamp": "2018-09-06T13:56:42+08:00",
    "stored": "2018-09-06T06:02:38Z",
    "version": "1.0.1"
  },
  {
    "id": "b695407156e842adb0d57602c3455306",
    "actor": {
      "objectType": "Agent",
      "name": "00110160759",
      "account": {
        "name": "00110160759"
      }
    },
    "verb": {
      "id": "http://adlnet.gov/expapi/verbs/fillColor",
      "display": {
        "zh_CN": "xapi.verb.fillColor"
      }
    },
    "object": {
      "id": "http://lcell.bnu.edu.cn/psaa_exp/view/task/step/3306.htm#trap-tree tree4",
      "definition": {
        "name": {
          "zh_CN": "蚜虫颜色趋性"
        },
        "description": {
          "zh_CN": "蚜虫颜色趋性"
        },
        "type": "http://psaa.net/xapi/acitivitytype/question"
      }
    },
    "context": {
      "contextActivities": {
        "other": [
          {
            "id": "http://lcell.bnu.edu.cn/psaa_exp/view/task/2001.htm"
          },
          {
            "id": "http://lcell.bnu.edu.cn/psaa_exp/view/task/session/12417.htm"
          },
          {
            "id": "http://lcell.bnu.edu.cn/psaa_exp/view/task/process/2704.htm"
          },
          {
            "id": "http://lcell.bnu.edu.cn/psaa_exp/view/task/process/session/26121.htm"
          },
          {
            "id": "http://lcell.bnu.edu.cn/psaa_exp/view/task/step/3306.htm"
          },
          {
            "id": "http://lcell.bnu.edu.cn/psaa_exp/view/task/step/session/42541.htm"
          }
        ]
      }
    },
    "timestamp": "2018-09-06T13:56:43+08:00",
    "stored": "2018-09-06T06:02:38Z",
    "version": "1.0.1"
  },
  {
    "id": "c86040bd39364f299334da682900fc95",
    "actor": {
      "objectType": "Agent",
      "name": "00110160759",
      "account": {
        "name": "00110160759"
      }
    },
    "verb": {
      "id": "http://adlnet.gov/expapi/verbs/gainColor",
      "display": {
        "zh_CN": "xapi.verb.gainColor"
      }
    },
    "object": {
      "id": "http://lcell.bnu.edu.cn/psaa_exp/view/task/step/3306.htm#blue",
      "definition": {
        "name": {
          "zh_CN": "蚜虫颜色趋性"
        },
        "description": {
          "zh_CN": "蚜虫颜色趋性"
        },
        "type": "http://psaa.net/xapi/acitivitytype/question"
      }
    },
    "context": {
      "contextActivities": {
        "other": [
          {
            "id": "http://lcell.bnu.edu.cn/psaa_exp/view/task/2001.htm"
          },
          {
            "id": "http://lcell.bnu.edu.cn/psaa_exp/view/task/session/12417.htm"
          },
          {
            "id": "http://lcell.bnu.edu.cn/psaa_exp/view/task/process/2704.htm"
          },
          {
            "id": "http://lcell.bnu.edu.cn/psaa_exp/view/task/process/session/26121.htm"
          },
          {
            "id": "http://lcell.bnu.edu.cn/psaa_exp/view/task/step/3306.htm"
          },
          {
            "id": "http://lcell.bnu.edu.cn/psaa_exp/view/task/step/session/42541.htm"
          }
        ]
      }
    },
    "timestamp": "2018-09-06T13:56:44+08:00",
    "stored": "2018-09-06T06:02:38Z",
    "version": "1.0.1"
  },
  {
    "id": "f74831f3956443e9aa747f4278724302",
    "actor": {
      "objectType": "Agent",
      "name": "00110160759",
      "account": {
        "name": "00110160759"
      }
    },
    "verb": {
      "id": "http://adlnet.gov/expapi/verbs/fillColor",
      "display": {
        "zh_CN": "xapi.verb.fillColor"
      }
    },
    "object": {
      "id": "http://lcell.bnu.edu.cn/psaa_exp/view/task/step/3306.htm#trap-tree tree5",
      "definition": {
        "name": {
          "zh_CN": "蚜虫颜色趋性"
        },
        "description": {
          "zh_CN": "蚜虫颜色趋性"
        },
        "type": "http://psaa.net/xapi/acitivitytype/question"
      }
    },
    "context": {
      "contextActivities": {
        "other": [
          {
            "id": "http://lcell.bnu.edu.cn/psaa_exp/view/task/2001.htm"
          },
          {
            "id": "http://lcell.bnu.edu.cn/psaa_exp/view/task/session/12417.htm"
          },
          {
            "id": "http://lcell.bnu.edu.cn/psaa_exp/view/task/process/2704.htm"
          },
          {
            "id": "http://lcell.bnu.edu.cn/psaa_exp/view/task/process/session/26121.htm"
          },
          {
            "id": "http://lcell.bnu.edu.cn/psaa_exp/view/task/step/3306.htm"
          },
          {
            "id": "http://lcell.bnu.edu.cn/psaa_exp/view/task/step/session/42541.htm"
          }
        ]
      }
    },
    "timestamp": "2018-09-06T13:56:45+08:00",
    "stored": "2018-09-06T06:02:38Z",
    "version": "1.0.1"
  },
  {
    "id": "fc01d03485b64cb8a64b58c05aa97d3d",
    "actor": {
      "objectType": "Agent",
      "name": "00110160759",
      "account": {
        "name": "00110160759"
      }
    },
    "verb": {
      "id": "http://adlnet.gov/expapi/verbs/gainColor",
      "display": {
        "zh_CN": "xapi.verb.gainColor"
      }
    },
    "object": {
      "id": "http://lcell.bnu.edu.cn/psaa_exp/view/task/step/3306.htm#deepblue",
      "definition": {
        "name": {
          "zh_CN": "蚜虫颜色趋性"
        },
        "description": {
          "zh_CN": "蚜虫颜色趋性"
        },
        "type": "http://psaa.net/xapi/acitivitytype/question"
      }
    },
    "context": {
      "contextActivities": {
        "other": [
          {
            "id": "http://lcell.bnu.edu.cn/psaa_exp/view/task/2001.htm"
          },
          {
            "id": "http://lcell.bnu.edu.cn/psaa_exp/view/task/session/12417.htm"
          },
          {
            "id": "http://lcell.bnu.edu.cn/psaa_exp/view/task/process/2704.htm"
          },
          {
            "id": "http://lcell.bnu.edu.cn/psaa_exp/view/task/process/session/26121.htm"
          },
          {
            "id": "http://lcell.bnu.edu.cn/psaa_exp/view/task/step/3306.htm"
          },
          {
            "id": "http://lcell.bnu.edu.cn/psaa_exp/view/task/step/session/42541.htm"
          }
        ]
      }
    },
    "timestamp": "2018-09-06T13:56:46+08:00",
    "stored": "2018-09-06T06:02:39Z",
    "version": "1.0.1"
  },
  {
    "id": "c0b41b862b8145b6a9de281c6bb00b94",
    "actor": {
      "objectType": "Agent",
      "name": "00110160759",
      "account": {
        "name": "00110160759"
      }
    },
    "verb": {
      "id": "http://adlnet.gov/expapi/verbs/fillColor",
      "display": {
        "zh_CN": "xapi.verb.fillColor"
      }
    },
    "object": {
      "id": "http://lcell.bnu.edu.cn/psaa_exp/view/task/step/3306.htm#trap-tree tree6",
      "definition": {
        "name": {
          "zh_CN": "蚜虫颜色趋性"
        },
        "description": {
          "zh_CN": "蚜虫颜色趋性"
        },
        "type": "http://psaa.net/xapi/acitivitytype/question"
      }
    },
    "context": {
      "contextActivities": {
        "other": [
          {
            "id": "http://lcell.bnu.edu.cn/psaa_exp/view/task/2001.htm"
          },
          {
            "id": "http://lcell.bnu.edu.cn/psaa_exp/view/task/session/12417.htm"
          },
          {
            "id": "http://lcell.bnu.edu.cn/psaa_exp/view/task/process/2704.htm"
          },
          {
            "id": "http://lcell.bnu.edu.cn/psaa_exp/view/task/process/session/26121.htm"
          },
          {
            "id": "http://lcell.bnu.edu.cn/psaa_exp/view/task/step/3306.htm"
          },
          {
            "id": "http://lcell.bnu.edu.cn/psaa_exp/view/task/step/session/42541.htm"
          }
        ]
      }
    },
    "timestamp": "2018-09-06T13:56:47+08:00",
    "stored": "2018-09-06T06:02:40Z",
    "version": "1.0.1"
  },
  {
    "id": "ff65d145971e4b1ba26e097e6df7b7c6",
    "actor": {
      "objectType": "Agent",
      "name": "00110160759",
      "account": {
        "name": "00110160759"
      }
    },
    "verb": {
      "id": "http://adlnet.gov/expapi/verbs/click",
      "display": {
        "zh_CN": "xapi.verb.click"
      }
    },
    "object": {
      "id": "http://lcell.bnu.edu.cn/psaa_exp/view/task/step/3306.htm#运行",
      "definition": {
        "name": {
          "zh_CN": "蚜虫颜色趋性"
        },
        "description": {
          "zh_CN": "蚜虫颜色趋性"
        },
        "type": "http://psaa.net/xapi/acitivitytype/question"
      }
    },
    "context": {
      "contextActivities": {
        "other": [
          {
            "id": "http://lcell.bnu.edu.cn/psaa_exp/view/task/2001.htm"
          },
          {
            "id": "http://lcell.bnu.edu.cn/psaa_exp/view/task/session/12417.htm"
          },
          {
            "id": "http://lcell.bnu.edu.cn/psaa_exp/view/task/process/2704.htm"
          },
          {
            "id": "http://lcell.bnu.edu.cn/psaa_exp/view/task/process/session/26121.htm"
          },
          {
            "id": "http://lcell.bnu.edu.cn/psaa_exp/view/task/step/3306.htm"
          },
          {
            "id": "http://lcell.bnu.edu.cn/psaa_exp/view/task/step/session/42541.htm"
          }
        ]
      }
    },
    "timestamp": "2018-09-06T13:56:48+08:00",
    "stored": "2018-09-06T06:02:41Z",
    "version": "1.0.1"
  },
  {
    "id": "193c19fa73b04a3d96cc2109fb09d2c7",
    "actor": {
      "objectType": "Agent",
      "name": "00110160759",
      "account": {
        "name": "00110160759"
      }
    },
    "verb": {
      "id": "http://adlnet.gov/expapi/verbs/gainColor",
      "display": {
        "zh_CN": "xapi.verb.gainColor"
      }
    },
    "object": {
      "id": "http://lcell.bnu.edu.cn/psaa_exp/view/task/step/3306.htm#purple",
      "definition": {
        "name": {
          "zh_CN": "蚜虫颜色趋性"
        },
        "description": {
          "zh_CN": "蚜虫颜色趋性"
        },
        "type": "http://psaa.net/xapi/acitivitytype/question"
      }
    },
    "context": {
      "contextActivities": {
        "other": [
          {
            "id": "http://lcell.bnu.edu.cn/psaa_exp/view/task/2001.htm"
          },
          {
            "id": "http://lcell.bnu.edu.cn/psaa_exp/view/task/session/12417.htm"
          },
          {
            "id": "http://lcell.bnu.edu.cn/psaa_exp/view/task/process/2704.htm"
          },
          {
            "id": "http://lcell.bnu.edu.cn/psaa_exp/view/task/process/session/26121.htm"
          },
          {
            "id": "http://lcell.bnu.edu.cn/psaa_exp/view/task/step/3306.htm"
          },
          {
            "id": "http://lcell.bnu.edu.cn/psaa_exp/view/task/step/session/42541.htm"
          }
        ]
      }
    },
    "timestamp": "2018-09-06T13:56:54+08:00",
    "stored": "2018-09-06T06:02:46Z",
    "version": "1.0.1"
  },
  {
    "id": "0ab29282109a4ea48390cd02d72c66da",
    "actor": {
      "objectType": "Agent",
      "name": "00110160759",
      "account": {
        "name": "00110160759"
      }
    },
    "verb": {
      "id": "http://adlnet.gov/expapi/verbs/fillColor",
      "display": {
        "zh_CN": "xapi.verb.fillColor"
      }
    },
    "object": {
      "id": "http://lcell.bnu.edu.cn/psaa_exp/view/task/step/3306.htm#trap-tree tree1",
      "definition": {
        "name": {
          "zh_CN": "蚜虫颜色趋性"
        },
        "description": {
          "zh_CN": "蚜虫颜色趋性"
        },
        "type": "http://psaa.net/xapi/acitivitytype/question"
      }
    },
    "context": {
      "contextActivities": {
        "other": [
          {
            "id": "http://lcell.bnu.edu.cn/psaa_exp/view/task/2001.htm"
          },
          {
            "id": "http://lcell.bnu.edu.cn/psaa_exp/view/task/session/12417.htm"
          },
          {
            "id": "http://lcell.bnu.edu.cn/psaa_exp/view/task/process/2704.htm"
          },
          {
            "id": "http://lcell.bnu.edu.cn/psaa_exp/view/task/process/session/26121.htm"
          },
          {
            "id": "http://lcell.bnu.edu.cn/psaa_exp/view/task/step/3306.htm"
          },
          {
            "id": "http://lcell.bnu.edu.cn/psaa_exp/view/task/step/session/42541.htm"
          }
        ]
      }
    },
    "timestamp": "2018-09-06T13:56:55+08:00",
    "stored": "2018-09-06T06:02:46Z",
    "version": "1.0.1"
  },
  {
    "id": "cdf1c44cf4a041629a75639dee02ef6c",
    "actor": {
      "objectType": "Agent",
      "name": "00110160759",
      "account": {
        "name": "00110160759"
      }
    },
    "verb": {
      "id": "http://adlnet.gov/expapi/verbs/gainColor",
      "display": {
        "zh_CN": "xapi.verb.gainColor"
      }
    },
    "object": {
      "id": "http://lcell.bnu.edu.cn/psaa_exp/view/task/step/3306.htm#white",
      "definition": {
        "name": {
          "zh_CN": "蚜虫颜色趋性"
        },
        "description": {
          "zh_CN": "蚜虫颜色趋性"
        },
        "type": "http://psaa.net/xapi/acitivitytype/question"
      }
    },
    "context": {
      "contextActivities": {
        "other": [
          {
            "id": "http://lcell.bnu.edu.cn/psaa_exp/view/task/2001.htm"
          },
          {
            "id": "http://lcell.bnu.edu.cn/psaa_exp/view/task/session/12417.htm"
          },
          {
            "id": "http://lcell.bnu.edu.cn/psaa_exp/view/task/process/2704.htm"
          },
          {
            "id": "http://lcell.bnu.edu.cn/psaa_exp/view/task/process/session/26121.htm"
          },
          {
            "id": "http://lcell.bnu.edu.cn/psaa_exp/view/task/step/3306.htm"
          },
          {
            "id": "http://lcell.bnu.edu.cn/psaa_exp/view/task/step/session/42541.htm"
          }
        ]
      }
    },
    "timestamp": "2018-09-06T13:56:56+08:00",
    "stored": "2018-09-06T06:02:46Z",
    "version": "1.0.1"
  },
  {
    "id": "8ec4fdd0c8174f1fa8e7a93c9dbfc64e",
    "actor": {
      "objectType": "Agent",
      "name": "00110160759",
      "account": {
        "name": "00110160759"
      }
    },
    "verb": {
      "id": "http://adlnet.gov/expapi/verbs/fillColor",
      "display": {
        "zh_CN": "xapi.verb.fillColor"
      }
    },
    "object": {
      "id": "http://lcell.bnu.edu.cn/psaa_exp/view/task/step/3306.htm#trap-tree tree2",
      "definition": {
        "name": {
          "zh_CN": "蚜虫颜色趋性"
        },
        "description": {
          "zh_CN": "蚜虫颜色趋性"
        },
        "type": "http://psaa.net/xapi/acitivitytype/question"
      }
    },
    "context": {
      "contextActivities": {
        "other": [
          {
            "id": "http://lcell.bnu.edu.cn/psaa_exp/view/task/2001.htm"
          },
          {
            "id": "http://lcell.bnu.edu.cn/psaa_exp/view/task/session/12417.htm"
          },
          {
            "id": "http://lcell.bnu.edu.cn/psaa_exp/view/task/process/2704.htm"
          },
          {
            "id": "http://lcell.bnu.edu.cn/psaa_exp/view/task/process/session/26121.htm"
          },
          {
            "id": "http://lcell.bnu.edu.cn/psaa_exp/view/task/step/3306.htm"
          },
          {
            "id": "http://lcell.bnu.edu.cn/psaa_exp/view/task/step/session/42541.htm"
          }
        ]
      }
    },
    "timestamp": "2018-09-06T13:56:58+08:00",
    "stored": "2018-09-06T06:02:47Z",
    "version": "1.0.1"
  },
  {
    "id": "d2955bb745f84a5b8a3403fc71003c5f",
    "actor": {
      "objectType": "Agent",
      "name": "00110160759",
      "account": {
        "name": "00110160759"
      }
    },
    "verb": {
      "id": "http://adlnet.gov/expapi/verbs/gainColor",
      "display": {
        "zh_CN": "xapi.verb.gainColor"
      }
    },
    "object": {
      "id": "http://lcell.bnu.edu.cn/psaa_exp/view/task/step/3306.htm#black",
      "definition": {
        "name": {
          "zh_CN": "蚜虫颜色趋性"
        },
        "description": {
          "zh_CN": "蚜虫颜色趋性"
        },
        "type": "http://psaa.net/xapi/acitivitytype/question"
      }
    },
    "context": {
      "contextActivities": {
        "other": [
          {
            "id": "http://lcell.bnu.edu.cn/psaa_exp/view/task/2001.htm"
          },
          {
            "id": "http://lcell.bnu.edu.cn/psaa_exp/view/task/session/12417.htm"
          },
          {
            "id": "http://lcell.bnu.edu.cn/psaa_exp/view/task/process/2704.htm"
          },
          {
            "id": "http://lcell.bnu.edu.cn/psaa_exp/view/task/process/session/26121.htm"
          },
          {
            "id": "http://lcell.bnu.edu.cn/psaa_exp/view/task/step/3306.htm"
          },
          {
            "id": "http://lcell.bnu.edu.cn/psaa_exp/view/task/step/session/42541.htm"
          }
        ]
      }
    },
    "timestamp": "2018-09-06T13:57:00+08:00",
    "stored": "2018-09-06T06:02:48Z",
    "version": "1.0.1"
  },
  {
    "id": "0fa6849bd1af4a63982c9fa004505f80",
    "actor": {
      "objectType": "Agent",
      "name": "00110160759",
      "account": {
        "name": "00110160759"
      }
    },
    "verb": {
      "id": "http://adlnet.gov/expapi/verbs/fillColor",
      "display": {
        "zh_CN": "xapi.verb.fillColor"
      }
    },
    "object": {
      "id": "http://lcell.bnu.edu.cn/psaa_exp/view/task/step/3306.htm#trap-tree tree3",
      "definition": {
        "name": {
          "zh_CN": "蚜虫颜色趋性"
        },
        "description": {
          "zh_CN": "蚜虫颜色趋性"
        },
        "type": "http://psaa.net/xapi/acitivitytype/question"
      }
    },
    "context": {
      "contextActivities": {
        "other": [
          {
            "id": "http://lcell.bnu.edu.cn/psaa_exp/view/task/2001.htm"
          },
          {
            "id": "http://lcell.bnu.edu.cn/psaa_exp/view/task/session/12417.htm"
          },
          {
            "id": "http://lcell.bnu.edu.cn/psaa_exp/view/task/process/2704.htm"
          },
          {
            "id": "http://lcell.bnu.edu.cn/psaa_exp/view/task/process/session/26121.htm"
          },
          {
            "id": "http://lcell.bnu.edu.cn/psaa_exp/view/task/step/3306.htm"
          },
          {
            "id": "http://lcell.bnu.edu.cn/psaa_exp/view/task/step/session/42541.htm"
          }
        ]
      }
    },
    "timestamp": "2018-09-06T13:57:01+08:00",
    "stored": "2018-09-06T06:02:49Z",
    "version": "1.0.1"
  }
]